year,doy,t_max,t_min,par,precip,o3,co2_atm,nh4_dep,no3_dep
1706,196,29.006,18.832,600,0.05,0.862,282.506,0.00928,0.003227
1706,197,30.006,18.832,650,0,0.862,282.506,0.00928,0.003227
1706,198,31.006,18.832,700,0,0.862,282.506,0.00928,0.003227
1706,199,28,18.832,550,0.05,0.862,282.506,0.00928,0.003227
1706,200,25,15,300,0.4,0.862,282.506,0.00928,0.003227
